<?xml version="1.0" encoding="UTF-8" standalone="yes"?>
<addon id="repository.bingie.lite" name="bingie Repo" version="1.0.0" provider-name="xlite5">
    <extension point="xbmc.addon.repository" name="bingie Repository">
        <dir>
            <info compressed="false">https://raw.githubusercontent.com/xlite5/bingie.lite/master/repo/zips/addons.xml</info>
            <checksum>https://raw.githubusercontent.com/xlite5/bingie.lite/master/repo/zips/addons.xml.md5</checksum>
            <datadir zip="true">https://raw.githubusercontent.com/xlite5/bingie.lite/master/repo/zips/</datadir>
        </dir>
    </extension>
    <extension point="xbmc.addon.metadata">
        <summary>bingie Repo</summary>
        <description>A lightweight repository for bingie builds and add-ons.</description>
<disclaimer>Use at your own risk. This repository is not affiliated with Kodi.</disclaimer>
        <platform>all</platform>
        <assets>
            <icon>icon.png</icon>
            <fanart>fanart.jpg</fanart>
        </assets>
    </extension>
</addon>
